 ,Streptococcus_pyogenes.fna,Listeria_monocytogenes.fna,Mycoplasma_pneumoniae.fna,Caulobacter_vibrioides.fna,Escherichia_coli.fna,Xanthomonas_oryzae.fna,Corynebacterium_glutamicum.fna,Bacillus_cereus.fna,Bifidobacterium_longum.fna
Streptococcus_pyogenes.fna,1.0,0.9381299353039412,0.8501329671437127,-0.16248731886602696,0.4774235709996755,-0.07474001358012253,0.3920033740330251,0.9026502406610774,0.009558977850868011
Listeria_monocytogenes.fna,0.9381299353039412,0.9999999999999999,0.7874311320958025,-0.18451018440960446,0.4970595464402409,-0.07132959287133556,0.3358558674149624,0.9652426228751231,-0.02344585964464703
Mycoplasma_pneumoniae.fna,0.8501329671437127,0.7874311320958025,0.9999999999999998,-0.03097243806309829,0.4846940045007012,0.0469700082938201,0.3900154978631949,0.7599736637903286,0.14053382571041687
Caulobacter_vibrioides.fna,-0.16248731886602696,-0.18451018440960446,-0.03097243806309829,1.0,0.5988382576813375,0.9289343991027265,0.6241797961159206,-0.28778925472862904,0.9230476963003371
Escherichia_coli.fna,0.4774235709996755,0.4970595464402409,0.4846940045007012,0.5988382576813375,1.0,0.74753438679318,0.7436507701101059,0.38682655545000744,0.672575730355896
Xanthomonas_oryzae.fna,-0.07474001358012253,-0.07132959287133556,0.0469700082938201,0.9289343991027265,0.74753438679318,1.0,0.7079882812783953,-0.18889219458316023,0.909442826289611
Corynebacterium_glutamicum.fna,0.3920033740330251,0.3358558674149624,0.3900154978631949,0.6241797961159206,0.7436507701101059,0.7079882812783953,0.9999999999999996,0.20052897543022477,0.7959870759720004
Bacillus_cereus.fna,0.9026502406610774,0.9652426228751231,0.7599736637903286,-0.28778925472862904,0.38682655545000744,-0.18889219458316023,0.20052897543022477,1.0,-0.14276627121309732
Bifidobacterium_longum.fna,0.009558977850868011,-0.02344585964464703,0.14053382571041687,0.9230476963003371,0.672575730355896,0.909442826289611,0.7959870759720004,-0.14276627121309732,1.0
